tag,x,y
"가디건",743,0.58
"롱가디건",585,0.02
"기본티",628,0.16
"남친룩",511,1.33
"롱드레스",2246,0.02
"박서준",2488,0.32
"지오지아박서준",1694,0.02
"박서준패션",3497,0
"블라우스",691,1.36
"빈티지",686,0.87
"합정빈티지샵",108,0
"스니커즈",769,0.34
"여친선물",647,1.12
"속옷",2078,0.12
"운동화",1424,1.03
"원피스",308,2.4
"롱원피스",326,0.66
"데일리코디",887,1.32
"코트",382,0.52
"남자코트",3799,0.02
"패션",459,4.01
"데일리패션",893,0.68
"패션위크",2028,0.17
"패피남",399,0.23
"훈남",873,1.27
"공스타그램",760,1.31
"북스타그램",913,0
"코덕소통",2221,0.02
"육아일상",335,4.48
"밥스타그램",437,0.9
"빵스타그램",277,0.46
"술스타그램",269,3.35
"요리",238,1.5
"요리스타그램",629,0.01
"음식",704,2.34
"음식스타그램",355,0.95
"인스타푸드",725,1.68
"커피스타그램",436,2.28
"쿡스타그램",1534,0.4
"푸드",215,0.52
"푸드스타그램",637,0.6
"혼밥",421,0.55
"홈쿡",428,0
"도치맘",1059,5.24
"독박육아",834,1.66
"등원룩",1101,4.46
"딸맘",305,4.99
"딸바보",269,3.79
"딸스타그램",366,5.95
"맘스타그램",421,2.93
"문센룩",453,2.86
"베이비그램",276,3.35
"베이비스타그램",180,2.54
"아기스타그램",539,4
"아들맘",410,3.39
"아들바보",268,2.09
"아들스타그램",1032,1.71
"애스타그램",324,4.52
"예비맘",280,0.76
"워킹맘",1216,4.57
"육아스타그램",212,6.43
"육아템",502,3.41
"육아일기",816,4.64
"육아그램",511,3.6
"육아",634,6.07
"육아맘",1276,6.27
"젊줌마",298,4.86
"줌마스타그램",760,1.05
"줌스타그램",850,0.82
"초보맘",248,2.45
"다이어트",408,5.39
"식단",202,1.86
"요가",658,1.87
"잠실요가",226,0.02
"신촌요가",248,0.01
"운동하는남자",762,2.11
"운동하는여자",200,3.98
"운동",289,4.7
"전신샷",947,0.96
"필라테스",1059,0.53
"강남필라테스",4067,0.04
"선릉필라테스",1253,0.01
"왕십리필라테스",591,0.01
"잠실필라테스",356,0.02
"신촌필라테스",1292,0.01
"역삼필라테스",959,0.01
"홍대필라테스",644,0.01
"잠실새내필라테스",130,0
"헬스타그램",613,1.85
"헬스",482,1.58
"잠실헬스",1288,0.01
"강아지",732,3.04
"강남강아지분양",891,0.03
"개린이",1455,1.26
"개스타그램",741,4.45
"고양이",2507,5.4
"냥스타그램",3996,4.41
"댕댕이",851,5.14
"독스타그램",1068,2.42
"멍스타그램",764,4.57
"반려견",1511,5.35
"펫스타그램",1217,3.94
"가족여행",648,1.27
"말레이시아",187,0.19
"방콕",2142,0.98
"방콕여행",440,0.24
"베트남",547,1.46
"베트남여행",1132,0.63
"부산여행",266,0.83
"싱가포르",576,0.2
"제주도여행",720,2.57
"여행에미치다",186,3.47
"제주여행",925,3.8
"유럽여행",2200,2.37
"여행스타그램",673,4.03
"태국여행",740,0.37
"일본여행",681,0.01
"치앙마이",214,0.15
"태국",1013,0.58
"가방",773,1.33
"남친선물",949,0.32
"니트",866,0.37
"인피니트",465,0.14
"댄디",1194,0.04
"데일리룩",290,2.46
"모던룩",485,0.52
"남자셔츠",1051,0.13
"셔츠",465,0.26
"티셔츠",3008,0.72
"와이셔츠",1169,0.01
"수트",410,0.42
"스커트",1744,0.33
"스트릿패션",1712,0.64
"시계",1279,0.36
"악세사리",420,0.47
"이대악세사리",25,0
"옷스타그램",437,4.8
"홍대옷가게",894,0.27
"데일리원피스",381,0.14
"커플룩",415,2.18
"패션스타그램",304,4.08
"패션피플",267,1.21
"서울패션위크",1062,0.09
"하객룩",229,1.86
"훈남룩",744,0.01
"그림스타그램",2033,0.7
"육아소통",332,5.98
"책스타그램",1255,2.18
"슬랙스",497,0.45
"신발",649,1.76
"여친룩",1494,1.48
"오오티디",152,3.88
"오피스룩",273,1.22
"옷",328,1.99
"강남옷가게",482,0.06
"랩원피스",429,0.13
"일상룩",433,1.44
"자켓",318,1.38
"청바지",1103,1.35
"코디",1101,1.4
"트렌치코트",233,0.42
"인스타패션",561,1.58
"연예인패션",646,0.61
"패피",1146,1.23
"육아맘일상",879,1.76
"일상",165,4.23
beauty,2452,4.93
makeup,588,5.89
"메이크업",143,1.94
"베이스메이크업",2341,0.03
"메이크업베이스",4869,0.02
"강남메이크업",1056,0.03
"홍대메이크업",306,0.01
"뷰스타그램",1902,1.61
"뷰티스타그램",355,3.49
"뷰티",169,4.17
"뷰티그램",2054,0.47
"손스타그램",544,0.43
"코덕",1761,0.6
"코덕그램",1147,0.03
"화장품",986,1.83
"합정태국음식",152,0
"해외여행",436,0
"호치민",610,0.34
"호치민여행",1115,0.07
"홍콩",433,0.45
"홍콩디저트",384,0
"강남붙임머리",2813,0.52
"강남반영구",932,0.36
"강남눈썹문신",1018,0.32
"강남",235,2.8
"강남네일",574,0.49
"강남맘",440,0.62
"강남미용실",1718,0.19
"강남역미용실",1650,0.07
"강남카페",829,0.4
"강남메이드테이블",2880,0.04
"강남자연눈썹",2016,0.17
"강남술집",1273,0.62
"강남데이트",512,0.17
"강남속눈썹연장",709,0.14
"강남속눈썹",683,0.1
"내아이디는강남미인",2415,0.03
"강남꽃집",323,0.19
"강남역반영구",1666,0.02
"강남반영구수강",1044,0.03
"강남반영구학원",1350,0.07
"강남메이드클럽",2097,0.09
"강남타투",790,0.12
"강남헤어라인",2438,0.02
"강남네일샵",950,0.09
"강남핫플레이스",2730,0.11
"강남속눈썹펌",1617,0.05
"강남회식장소",513,0.06
"강남꽃배달",457,0.05
"강남반영구눈썹",2417,0.03
"강남역데이트",453,0.07
"강남미용실추천",1048,0.02
"클럽강남메이드",2831,0.11
"강남눈썹반영구",1722,0.02
"강남메이드게스트신청",2493,0.04
"강남역속눈썹",1317,0.04
"강남남자눈썹문신",828,0.03
"강남이자카야",339,0.05
"강남메이드무료입장",2436,0.04
"강남구청",233,0.08
"강남왁싱",647,0.07
"강남데이트코스",1366,0.02
"강남역회식장소",536,0.07
"강남한복",1642,0.02
"강남반영구화장",1006,0.06
"강남pt",1521,0.04
"강남뷰러펌",876,0.03
"강남피부과",4132,0.03
"강남회식",1183,0.05
"강남플라워레슨",280,0.05
"강남역클럽",1889,0.2
"강남역네일샵",868,0.04
"강남구청역맛집",946,0.05
"강남메이드테이블예약",2627,0.02
"강남클럽",1602,1.22
"강남구",767,0.09
"강남눈썹",958,0.05
"강남구청역",476,0.04
"강남역술집",527,0.5
"강남역눈썹문신",1282,0.02
"강남메이드",2674,0.62
"강남프로필사진",2363,0.02
"강남클럽메이드",1529,0.02
"강남곱창",4089,0.01
"강남마카롱",904,0.04
"강남남자눈썹",1300,0.03
"강남구청맛집",731,0.03
"강변역맛집",238,0.03
"강변역",656,0.02
"강변역초밥",205,0
"건대입구",682,0.85
"건대입구맛집",3033,0.58
"건대입구역맛집",3856,0.55
"건대입구역",783,0.04
"건대입구술집",188,0
"건대입구카페",384,0
"롯데시네마건대입구",3818,0
"건대입구네일",236,0.01
"건대입구데이트",133,0
"건대입구핫플",248,0
"건대입구왁싱",259,0
"건대입구원룸",30,0
"건대입구삼겹살",171,0
"건대입구양꼬치",57,0
"건대입구피자",30,0
"교대",380,0.14
"교대역맛집",1052,0.03
"교대속눈썹",882,0.01
"교대맛집",719,0.04
"교대카페",1483,0.02
"교대역",872,0.04
"교대네일",447,0.03
"서울교대",228,0.02
"교대꽃집",511,0.01
"교대반영구",1756,0
"교대생",336,0.01
"교대속눈썹연장",631,0
"교대이층집",379,0.01
"교대마사지",550,0
"교대점심",640,0
"교대가죽공방",79,0
"교대치과",156,0
"교대역속눈썹",104,0
"교대역마사지",264,0
"교대역치과",92,0
"교대전자담배",40,0
"교대사무실",9,0
"구디",689,0.08
"대구디저트",498,0.05
"대구디저트카페",751,0.05
"구디맛집",585,0.06
"구디속눈썹",618,0.01
"구디카페",358,0.01
"구디역",416,0
"구디pt",338,0
"구디술집",260,0
"구디속눈썹연장",353,0
"구디미용실",384,0
"구디단",274,0
"구디역맛집",371,0
"구디점심",125,0
"구디왁싱",213,0
"구디단맛집",167,0
"구디파스타",60,0
"구디데이트",159,0
"구디직장인",231,0
"구디참치",39,0
"구의",849,0.04
"구의동맛집",666,0.03
"구의동",275,0.05
"구의맛집",1108,0.02
"구의역",480,0.02
"구의동네일",478,0.01
"구의역맛집",794,0.02
"구의카페",661,0.01
"구의동꽃집",332,0.01
"구의술집",172,0
"구의역속눈썹",131,0
"구의공원",45,0
"구의동배달",49,0
"구의동맘",19,0
"낙성대맛집",1310,0.06
"낙성대",218,0.15
"낙성대네일",901,0.02
"낙성대꽃집",407,0.01
"낙성대카페",557,0.02
"낙성대역",206,0.02
"낙성대미용실",458,0.01
"낙성대속눈썹",1108,0
"낙성대공원",362,0.01
"낙성대역미용실",128,0
"낙성대동",222,0
"낙성대태닝",159,0
"낙성대족발",378,0
"낙성대연극",16,0
"당산",568,0.08
"당산역",570,0.03
"당산맛집",1127,0.05
"당산역맛집",1211,0.04
"당산동",1320,0.01
"당산미용실",1273,0
"당산역카페",633,0.01
"당산헬스",748,0
"당산빵집",603,0
"당산다이어트",51,0
"당산떡집",5,0
"당산안경",19,0
"대림",587,0.03
"성수동대림창고",820,0.01
"대림동",464,0.02
"대림역",499,0.01
"대림맛집",1157,0.01
"대림동맛집",195,0.01
"대림역맛집",256,0
"대림훠궈",183,0
"대림동속눈썹",31,0
"대림웨딩홀",35,0
"대림맛집추천",83,0
"동대문역사문화공원",773,0.02
"동대문역사문화공원역",776,0.01
"동대문역사문화공원맛집",653,0
"동대문역사문화공원역맛집",1374,0
"뚝섬",161,0.29
"뚝섬유원지",286,0.23
"뚝섬카페",467,0.07
"뚝섬맛집",1375,0.05
"뚝섬한강공원",492,0.08
"뚝섬역",474,0.04
"뚝섬역맛집",1093,0.05
"뚝섬역카페",408,0.01
"뚝섬유원지맛집",787,0.01
"뚝섬데이트",212,0
"한강뚝섬",74,0
"뚝섬술집",61,0
"뚝섬역자전거매장",14,0
"뚝섬나들이",154,0
"뚝섬캔들공방",121,0
"백종원의골목식당뚝섬",56,0
"뚝섬역8번출구",40,0
"문래",1088,0.07
"문래동",827,0.1
"문래동맛집",535,0.05
"문래창작촌",999,0.05
"문래맛집",575,0.03
"문래역",969,0.01
"문래동꽃집",167,0.01
"올드문래",250,0.01
"문래술집",392,0
"문래동루프탑",43,0
"문래창작촌꽃집",27,0
"문래동곱창",259,0
"문래떡집",20,0
"밀크티",629,1.14
"방배",854,0.13
"방배동",864,0.16
"방배동맛집",1070,0.11
"방배동카페",504,0.04
"방배맛집",278,0.05
"방배동미용실",546,0.02
"방배동꽃집",486,0.03
"방배미용실",2134,0.01
"방배꽃집",373,0.02
"방배카페",1135,0.02
"방배역",289,0.02
"방배맘",444,0.01
"방배역미용실",1058,0.01
"방배동카페골목",228,0.02
"방배네일",208,0.02
"방배동네일",228,0.01
"방배사이길",236,0.01
"방배역맛집",660,0.02
"방배카페골목",376,0.01
"방배동속눈썹펌",875,0
"방배동pt",2053,0
"방배동인테리어",320,0
"방배동꽃배달",248,0
"방배동핫플",306,0
"준오헤어방배2호점",1303,0
"방배pt",166,0
"방배점",214,0
"방배동피부관리실",429,0
"방배동술집",178,0
"방배헬스",128,0
"방배호빠",1422,0.83
"방배동카페거리",244,0
"방배동헬스",854,0
"방배타투",198,0
"방배동사이길",146,0
"방배동성당",355,0
"방배카페거리",179,0
"새마을휘트니스방배점",126,0
"방배동타투",113,0
"방배동맘",208,0
"방배술집",173,0
"방배피티",162,0
"방배스튜디오",114,0
"방배역치과",43,0
"방배동헤어샵",82,0
"방배동원룸",748,0
"팀방배",56,0
"방배동족발",39,0
"방배조개창고",57,0
"방배동보쌈",17,0
"방배동42길",64,0
"방배웨딩홀",56,0
"방배동성인용품",5,0
"방배1호점",50,0
"방배동안경",12,0
"방배동pc방",14,0
"봉천동",420,0.08
"봉천",259,0.08
"봉천동맛집",315,0.04
"봉천동꽃집",451,0.01
"봉천맛집",526,0.01
"봉천역맛집",486,0.01
"봉천속눈썹",1071,0
"봉천역",709,0.01
"봉천애견미용",218,0
"봉천동원룸",217,0
"봉천동태닝",268,0
"봉천동족발",180,0
"봉천예술관",94,0
"봉천동인테리어",107,0
"봉천역속눈썹",1048,0
"봉천동야식",9,0
"봉천동보쌈",8,0
"봉천황소곱창",41,0
"사당",455,0.32
"사당맛집",542,0.14
"사당역",436,0.08
"사당역맛집",1500,0.05
"사당네일",602,0.04
"사당족발",222,0.03
"국회의사당",688,0.06
"사당카페",587,0.04
"사당눈썹문신",4622,0.01
"국회의사당맛집",384,0.02
"사당반영구",1505,0.02
"사당속눈썹",839,0.02
"사당미용실",884,0.02
"사당역카페",547,0.01
"사당동",398,0.02
"사당꽃집",239,0.01
"사당술집",963,0.01
"사당속눈썹펌",929,0.01
"사당역미용실",1838,0.01
"사당댄스학원",2857,0
"국회의사당역",225,0.01
"사당댄스",2762,0
"사당메이크업",348,0
"사당눈썹",348,0
"사당동맛집",1265,0.01
"사당역술집",970,0.01
"사당동네일",150,0.01
"사당동카페",606,0.01
"사당맛집추천",455,0
"사당맘",238,0
"국회의사당역맛집",683,0
"사당역데이트",523,0
"사당연습실",206,0.01
"사당동떡집",1062,0
"사당허벌라이프",259,0
"사당다이어트",219,0
"사당점핑",178,0
"사당맥주",101,0
"사당곱창",72,0
"사당호빠",317,1.09
"사당피부관리",208,0
"사당역맛집추천",547,0
"사당역고기집",498,0
"사당태닝",359,0
"사당원룸",30,0
"사당역요가",236,0
"사당웨딩홀",97,0
"사당허벌",175,0
"사당마사지",33,0
"사당역피부관리",292,0
"사당포장",75,0
"사당키스방",26,0
"사당동성인용품",5,0
"사당역만화카페",11,0
"사당동웨딩홀",19,0
"삼성역",280,0.33
"삼성역맛집",1149,0.04
"삼성역카페",911,0.01
"삼성역회식",2027,0
"삼성역술집",1297,0
"삼성역맛집추천",203,0.01
"이대삼성홀",597,0
"삼성역헬스",402,0
"삼성역포토스팟",211,0
"상왕십리",669,0.02
"상왕십리맛집",1377,0.01
"상왕십리미용실",765,0
"상왕십리역",423,0
"상왕십리역맛집",1066,0
"상왕십리스타벅스",24,0
"서울대입구",1089,0.61
"서울대입구역",242,0.08
"서울대입구맛집",686,0.09
"서울대입구역맛집",2960,0.04
"서울대입구네일",940,0.04
"서울대입구카페",1067,0.03
"서울대입구미용실",1272,0.01
"서울대입구꽃집",464,0.01
"서울대입구역꽃집",499,0.01
"서울대입구속눈썹",705,0.01
"서울대입구네일샵",323,0.02
"서울대입구속눈썹연장",707,0.01
"서울대입구역미용실",224,0.01
"서울대입구역네일",247,0
"서울대입구헬스",1520,0.01
"서울대입구헬스장",818,0.01
"서울대입구원룸",177,0.01
"서울대입구맛집추천",2027,0
"서울대입구역맛집추천",2038,0
"서울대입구피부관리실",45,0
"서울대입구쌀국수",147,0
"서울대입구피부관리",13,0
"서울대입구치과",67,0
"올리브영서울대입구중앙점",223,0
"서울대입구가죽공방",150,0
"서울대입구역태닝",314,0
"선릉",229,0.37
"선릉반영구",1036,0.03
"선릉눈썹문신",1044,0.03
"선릉역맛집",1219,0.19
"선릉속눈썹",1116,0.02
"선릉맛집",1962,0.2
"선릉역",853,0.1
"선릉왁싱",406,0.02
"선릉카페",954,0.02
"선릉술집",1750,0.01
"선릉역고기집",4098,0.05
"선릉회식",3127,0
"선릉미용실",625,0.01
"선릉고기집",1252,0.04
"선릉역카페",687,0.01
"선릉역술집",1678,0
"선릉역데이트",2185,0.05
"선릉역반영구",1709,0
"아펠가모선릉",314,0
"선릉공원",176,0
"선릉자연눈썹",779,0
"선릉역매운떡볶이",3710,0
"선릉호빠",1255,0.99
"선릉점심",448,0
"선릉반영구화장",706,0
"선릉눈썹",407,0
"선릉맛집추천",425,0
"선릉역4번출구",242,0
"끌리메선릉점",815,0
"선릉역왁싱",283,0
"선릉역5번출구",503,0
"선릉역맥주",3102,0
"선릉맘",182,0
"선릉고깃집",439,0
"선릉요가",219,0
"선릉역눈썹문신",925,0
"선릉아펠가모",234,0
"선릉안마",0,0
"선릉밥집",395,0
"선릉카페추천",159,0
"선릉역떡볶이",506,0
"선릉과정릉",158,0
"선릉역자연눈썹",437,0
"선릉로",185,0
"선릉역2번출구",41,0
"선릉역반영구화장",38,0
"선릉역디저트",106,0
"선릉동",25,0
"선릉매운떡볶이",374,0
"선릉역파스타",153,0
"선릉가죽공방",179,0
"선릉떡볶이",111,0
"선릉댄스",72,0
"선릉바",762,0
"선릉고기",98,0
"선릉역전자담배",32,0
"선릉룸싸롱",3,0
"선릉백마",1,0
"선릉역사무실",58,0
"한스헤어선릉",43,0
"선릉동맛집",96,0
"선릉풀싸롱",1,0
"선릉역남자눈썹",52,0
"선릉혼술",17,0
"선릉야구장",7,0
"선릉식당",101,0
"선릉건마",7,0
"선릉오피",146,0
"선릉1인샵",15,0
"선릉매직미러",4,0
"선릉풀사롱",27,0
"성수동",1069,1.07
"성수동카페",591,1.01
"성수동맛집",900,0.21
"성수카페",723,0.21
"성수",921,0.24
"성수맛집",1062,0.12
"성수동핫플레이스",1064,0.05
"성수동데이트",697,0.03
"성수역",785,0.06
"성수동핫플",496,0.03
"성수역맛집",1228,0.04
"성수역카페",672,0.02
"성수동카페거리",612,0.03
"성수동디저트",659,0.02
"성수동수제화",299,0.02
"성수핫플",884,0.01
"성수동술집",816,0.01
"성수동카페추천",1194,0
"성수데이트",583,0.01
"성수동나들이",372,0.01
"성수카페거리",316,0.01
"성수동옷가게",164,0.01
"성수동어니언",453,0
"성수동속눈썹",799,0
"성수족발",664,0.01
"성수핫플레이스",191,0
"성수동브런치",632,0
"소문난성수감자탕",579,0
"성수동요가",154,0
"성수동가죽공방",208,0
"성수동전시",172,0
"성수동스무디",104,0
"성수동수제화거리",210,0
"성수수제화",664,0
"성수동갤러리",170,0
"띵굴성수",106,0
"성수맥주",489,0
"성수동루프탑",205,0
"성수동가볼만한곳",552,0
"성수동공장",281,0
"이마트성수점",912,0
"성수가죽공방",100,0
"성수맛집추천",114,0
"성수동2가",169,0
"성수브런치",93,0
"성수역3번출구",337,0
"여성수제화쇼핑몰",70,0
"성수동간판",440,0
foodstagram,215,5.6
instafood,243,6.24
food,390,5.1
"도시락",930,1.95
"맛스타",786,2.07
"맛스타그램",408,4.55
"맛있다그램",496,1.3
"맛집스타그램",1432,1.88
"연남동맛집",1374,0.83
"홍대맛집",1146,1.77
"맛집",589,4.2
"맛집추천",1271,0.77
"이태원맛집",959,1.01
"역삼동맛집",2040,0.16
"신촌맛집",925,0.71
"강남맛집",1911,1.08
"샤로수길맛집",1639,0.16
"홍대맛집추천",1425,0.16
"강남맛집추천",1979,0.07
"신촌맛집추천",3261,0.13
"이태원맛집추천",669,0.06
"잠실맛집추천",789,0.02
"연남동맛집추천",1343,0.03
"합정맛집추천",2363,0.01
"강남역맛집추천",780,0.06
"망원동맛집추천",790,0
"맛집탐방",497,0.71
"광화문맛집탐방",222,0
"성수동맛집탐방",161,0
"먹방",375,4.19
"먹방스타그램",999,1.9
"신촌먹방",1319,0
"먹부림",749,0.58
"먹스타",353,3.14
"먹스타그램",527,4.93
"성수동놀거리",179,0
"성수동어딘가",138,0
"성수동트리마제",94,0
"성수동사람들",12,0
"성수역4번출구",79,0
"성수동까페거리",134,0
"성수고",63,0
"성수스타그램",48,0
"성수동구두거리",57,0
"성수수제화거리",268,0
"성수동식당",43,0
"성수동스시",116,0
"성수캔들공방",157,0
"성수요가",74,0
"성수동일식",54,0
"성수동대관",46,0
"성수피플",59,0
"성수동눈썹",88,0
"성수동음악창고",45,0
"성수동중국집",70,0
"성수동길",46,0
"성수동1가",55,0
"성수근린공원",75,0
"성수동돈까스",47,0
"신당",603,0.02
"신당동카페",619,0.01
"신당동맛집",2740,0.02
"신당동네일",237,0.02
"신당동떡볶이",649,0.02
"신당맛집",904,0.01
"신당역",648,0.01
"신당역맛집",1419,0.01
"신당동",1386,0
"신당눈썹문신",522,0
"신당필라테스",458,0
"신당타투",180,0
"신당자연눈썹",101,0
"신당중",45,0
"삼척해신당공원",61,0
"신대방",329,0.06
"신대방맛집",405,0.02
"신대방역",259,0.03
"신대방타투",2331,0.01
"신대방삼거리맛집",1103,0.02
"신대방삼거리",565,0.02
"신대방속눈썹",898,0.01
"신대방삼거리역",1141,0.01
"신대방동",1294,0.01
"신대방동맛집",135,0.01
"신대방헬스",156,0
"신대방타투샵",1191,0
"신대방마사지",71,0
"신대방피부",5,0
"신대방원룸",23,0
"신대방주짓수",53,0
"신대방삼거리원룸",11,0
"신도림눈썹문신",1312,0.03
"신도림",467,0.25
"신도림네일",360,0.04
"신도림반영구",1024,0.02
"신도림맛집",2149,0.05
"신도림속눈썹",871,0.02
"신도림카페",1083,0.01
"신도림네일샵",478,0.01
"신도림젤네일",628,0.01
"신도림타투",1263,0
"신도림역",692,0.02
"신도림미용실",815,0
"신도림디큐브시티",1733,0.01
"신도림맘",679,0.01
"신도림애견미용",181,0
"신도림자연눈썹",2118,0
"신도림맛집추천",526,0
"신도림휴대폰",42,0
"신도림동",160,0
"신도림디큐브시티맛집",975,0
"신도림네일아트",580,0
"신도림피부과",105,0
"신도림애슐리",555,0
"신도림가구",51,0
"신도림보톡스",358,0
"신도림필러",23,0
"신도림누벨바그",37,0
"신도림남자눈썹",85,0
"신도림예식장",175,0
"신도림머리잘하는미용실",42,0
"신도림댄스",70,0
"신도림살롱드프롬",36,0
"신림",646,0.69
"신림타투",1201,0.04
"신림맛집",761,0.31
"신림눈썹문신",1910,0.04
"신림네일",914,0.09
"신림미용실",1371,0.02
"신림역",275,0.1
"신림동",400,0.08
"신림술집",1093,0.07
"신림반영구",1594,0.06
"신림네일샵",705,0.04
"신림동맛집",1911,0.08
"신림젤네일",684,0.03
"신림역맛집",622,0.08
"신림카페",230,0.06
"신림꽃집",450,0.02
"신림속눈썹연장",1938,0.02
"신림네일아트",318,0.01
"신림동꽃집",580,0.01
"신림동네일",224,0.03
"신림애견미용",393,0.01
"신림역미용실",715,0.01
"신림태닝",562,0
"신림미용실추천",711,0.01
"신림왁싱",973,0.02
"신림동카페",342,0.04
"신림회식장소",1388,0.01
"신림백순대",707,0.01
"신림사거리",2102,0.01
"신림순대타운",517,0.01
"신림동족발",607,0
"신림데이트",1635,0.01
"신림동원룸",768,0
"신림동미용실",170,0.01
"신림호빠",1870,1.64
"신림동속눈썹",941,0
"신림역속눈썹",1302,0.01
"신림타투샵",1735,0
"신림치킨",159,0.03
"신림점",663,0.01
"신림속눈썹연장잘하는곳",585,0.01
"신림부동산",389,0.01
"신림이자카야",253,0.01
"신림원룸",390,0.01
"신림역속눈썹연장",676,0.01
"신림맛집추천",1572,0.01
"신림집",1039,0
"신림피부관리",401,0.01
"리안헤어신림점",192,0.01
"신림곱창",1360,0.01
"신림동순대타운",2334,0.01
"신림9동",259,0.01
"신림애견호텔",80,0
"신림애견유치원",79,0
"신림맘",990,0.01
"신림순대",100,0
"신림피부",21,0.01
"신림순대촌",136,0
"신림포도몰",15,0
"신림역맛집추천",178,0
"신림웨딩홀",106,0
"신림롯데시네마",225,0
"신림빵집",122,0.01
"신림그랑프리",1047,0.01
"신림네일추천",597,0.01
"신림놀거리",54,0
"신림그랑프리나이트",1239,0
"신림동공방",8,0
"신림역피부관리",125,0
"신림웨딩네일",326,0
"신림속눈썹",2013,0
"신림문화의거리",49,0
"신림마사지",197,0.04
"신림양꼬치",66,0
"신림에서",37,0
"신림동순대",1109,0
"신림피부샵",126,0
"신림롯데백화점",115,0
"신림동또순이원조순대",35,0
"신림역네일",536,0
"신림노래빠",25,0.01
"신림동미용실추천",18,0
"신림제모",2,0
"신림댄스",44,0
"신림전세",72,0
"신림그랑프리웨이터",448,0
"신림동꽃배달",4,0
"신림그랑프리룸주대",245,0
"신림그랑프리슈퍼맨",33,0
"신림동인테리어",20,0
"신촌",237,0.56
"신촌네일",1061,0.08
"신촌타투",1398,0.04
"신촌미용실",1266,0.03
"신촌카페",1077,0.09
"신촌눈썹문신",2780,0.02
"신촌데이트",1119,0.24
"신촌속눈썹",1046,0.03
"신촌술집",1534,0.03
"신촌반영구",1251,0.03
"신촌역",577,0.15
"신촌역맛집",1588,0.31
"신촌꽃집",362,0.05
"신촌데이트코스",2066,0.02
"신촌속눈썹연장",1075,0.01
"신촌놀거리",1252,0.01
"신촌맥주",1597,0
"현대백화점신촌점",1036,0.01
"신촌현대백화점",1021,0.01
"신촌호빠",1439,0.55
"신촌동",291,0.01
"신촌가라오케",1181,0.01
"신촌유플렉스",497,0.01
"신촌연예인맛집",173,0
"신촌곱창",726,0
"신촌레스토랑",2378,0
"신촌자연눈썹",2142,0
"신촌점",1690,0.01
"신촌피부관리",418,0
"신촌돈부리모노",461,0
"신촌칵테일",208,0.01
"신촌맘",875,0
"신촌댄스학원",372,0.01
"신촌피부과",1257,0.01
"신촌플라잉요가",63,0
"신촌곱창맛집",627,0
"신촌게스트하우스",686,0
"신촌역미용실",427,0
"신촌미용실추천",933,0
"신촌설렁탕",493,0
"신촌을못가",199,0
"신촌꽃배달",54,0
"신촌디저트카페",229,0
"신촌로터리",1552,0
"신촌성결교회",107,0
"신촌타로",586,0
"신촌현백",318,0
"신촌떡볶이",925,0
"신촌방탈출",120,0
"제주신촌",244,0
"신촌현대백화점유플렉스",7775,0
"신촌중국집",348,0
"신촌이대거리",281,0
"신촌이자카야",668,0
"신촌현대",475,0
"신촌영어학원",36,0
"신촌국제꽃시장",507,0
"신촌사주",498,0
"신촌미용학원",296,0
"신촌동맛집",577,0
"신촌피부",105,0
"신촌중화가정",45,0
"신촌헤어샵",204,0
"신촌리맛집",126,0
"신촌헤어",98,0
"신촌영어",172,0
"신촌횟집",140,0
"신촌물총축제",406,0
"신촌세브란스어린이병원",86,0
"신촌댄스",63,0
"신촌락사",29,0
"신촌출장안마",8,0.09
"신촌인테리어",60,0
"신촌머리잘하는미용실",105,0
"신촌귀걸이",23,0
"신촌맥주축제",517,0
"현백신촌맛집",16,0
"신촌앨리스",52,0
"대포찜닭신촌점",205,0
"신촌웨딩홀",125,0
"신촌거리축제",62,0
"신촌찜질방",302,0
"신촌닭갈비",105,0
"아현네일",839,0.01
"아현",852,0.02
"아현동",753,0.01
"아현맛집",526,0.01
"아현동맛집",746,0
"아현속눈썹",1035,0
"아현역",770,0.01
"아현동카페",210,0
"북아현동",1022,0.01
"아현속눈썹연장",200,0
"아현반영구",21,0
"역삼반영구",1769,0.05
"역삼",966,0.38
"역삼맛집",1536,0.21
"역삼동",875,0.26
"역삼네일",449,0.05
"역삼역맛집",1081,0.17
"역삼역",926,0.05
"역삼동미용실",1692,0.02
"역삼동꽃집",277,0.03
"역삼미용실",1353,0.01
"역삼역회식장소",1773,0.02
"역삼꽃집",490,0.02
"역삼pt",862,0.01
"역삼동고기집",332,0.01
"역삼동속눈썹",939,0.01
"역삼술집",2019,0.01
"역삼동회식",682,0.01
"역삼카페",637,0.04
"역삼동카페",1077,0.01
"역삼왁싱",629,0.01
"역삼역꽃집",208,0.01
"역삼동반영구",838,0.01
"역삼회식장소",575,0.01
"역삼고기집",717,0.01
"역삼데이트",426,0.01
"역삼붙임머리",1198,0.01
"역삼동회식장소",484,0.01
"역삼동네일샵",280,0.01
"역삼네일샵",719,0.01
"역삼동모임장소",339,0.01
"역삼타투",1043,0
"역삼동눈썹문신",2551,0.01
"합정역삼겹살",431,0
"역삼점심",326,0
"역삼동꽃배달",298,0
"역삼눈썹",1079,0
"역삼동붙임머리",1234,0
"역삼피티",2349,0
"역삼디저트",647,0
"역삼동네일",559,0
"역삼역술집",841,0
"역삼역점심",1004,0
"역삼동전자담배",70,0.01
"역삼동한우",2696,0
"역삼동맛집추천",1206,0
"역삼요가",478,0
"역삼맛집추천",1934,0
"역삼맘",448,0
"역삼동헤어샵",341,0
"역삼네거리",1527,0
"역삼공원",113,0
"역삼바버샵",483,0
"역삼동헬스장",257,0
"역삼헤어샵",262,0
"역삼썸네일",54,0
"역삼동고시원",3615,0
"역삼동미용실추천",106,0
"역삼동횟집",83,0
"역삼댄스",59,0
"역삼동데이트",431,0
"역삼치킨",86,0
"역삼맥주",111,0
"누벨바그역삼점",106,0
"역삼동사무실",29,0
"역삼크라이오",373,0
"역삼본점",42,0
"역삼동치과",51,0
"역삼미용실추천",83,0
"역삼동바",139,0
"삼도갈비역삼점",177,0
"역삼동맥주",35,0
"역삼동데이트코스",194,0
"종각역삼겹살",5,0
"역삼1동",9,0
"역삼초등학교맛집",42,0
"리안헤어역삼",77,0
"역삼역맥주",39,0
"역삼ems",188,0
"역삼성형외과",68,0
"역삼족발",43,0
"역삼떡볶이",113,0
"역삼룸",44,0
"역삼동렌트카",2,0
"역삼원데이클래스",62,0
"역삼2동",77,0
"역삼수제맥주",73,0
"역삼여성전용마사지",0,0.01
"역삼동사무실임대",24,0
"역삼오피",2,0
"역삼동웨딩",51,0
"역삼룸싸롱",4,0
"영등포구청",940,0.02
"영등포구청맛집",1607,0.02
"영등포구청역",739,0.01
"영등포구청카페",585,0
"영등포구청역카페",106,0
"왕십리",315,0.34
"왕십리미용실",2262,0.02
"왕십리맛집",961,0.13
"왕십리속눈썹",597,0.02
"왕십리네일",239,0.03
"왕십리타투",795,0.01
"왕십리붙임머리",1088,0.02
"왕십리카페",1973,0.03
"왕십리역",392,0.03
"왕십리데이트",932,0.01
"왕십리꽃집",245,0.02
"왕십리애견미용",1683,0.01
"왕십리곱창",599,0.01
"왕십리술집",1092,0.06
"왕십리네일아트",359,0
"왕십리역맛집",1840,0.05
"왕십리마카롱",314,0
"왕십리맛집추천",1027,0
"왕십리떡볶이",293,0.04
"왕십리역술집",368,0.04
"왕십리조개창고",169,0
"왕십리막창",319,0
"왕십리pt",343,0
"왕십리헬스",48,0
"왕십리다이어트",541,0
"왕십리곱창맛집",301,0
"왕십리존맛",567,0
"왕십리센트라스",250,0
"왕십리데이트코스",249,0
"왕십리헬스장",79,0
"왕십리점심",327,0
"왕십리6번출구",53,0
"왕십리핫플",275,0
"왕십리고시원",96,0
"왕십리펍",137,0
"요미캣왕십리",314,0
"왕십리스테이크",743,0
"왕십리부동산",12,0
"왕십리가죽공방",278,0
"왕십리고양이",25,0
"왕십리벌통곱창",48,0
"왕십리골프",109,0
"왕십리카페아리가또",35,0
"을지로3가",261,0.09
"을지로3가맛집",290,0.03
"을지로3가카페",606,0.01
"을지로3가역",799,0
"을지로입구",417,0.02
"을지로입구맛집",819,0.01
"을지로입구역",500,0
"을지로입구역맛집",945,0.01
"이대",591,0.52
"이대네일",955,0.06
"이대미용실",895,0.03
"이대맛집",877,0.2
"이대눈썹문신",2627,0.01
"이대꽃집",674,0.03
"이대반영구",1857,0.01
"이대카페",384,0.04
"이대역",804,0.03
"이대속눈썹",702,0.03
"이대속눈썹연장",1023,0.01
"이대술집",411,0.01
"이대타투",1076,0.01
"이대메이크업",1096,0.01
"이대왁싱",338,0.01
"이대역맛집",1491,0.01
"이대맛집추천",1312,0.01
"이대pt",240,0
"이대후문",759,0
"이대헤어샵",292,0
"이대앞",994,0
"이대자연눈썹",721,0
"이대파스타",246,0
"이대피부관리",298,0
"이대역카페",269,0
"이대점",425,0
"이대댄스학원",234,0
"이대눈썹",1088,0
"이대와플",69,0
"이대피부",39,0
"이대역속눈썹연장",36,0
"이대앞맛집",35,0
"이대원룸",19,0
"이대미용실_이가자헤어비스",26,0
"이대헬스장",52,0
"이대댄스",66,0
"이대성인용품",7,0
"잠실카페",852,0.5
"잠실눈썹문신",1571,0.13
"잠실반영구",1179,0.11
"잠실",903,1.2
"잠실야구장",468,0.22
"잠실맛집",928,0.43
"잠실네일",732,0.1
"잠실새내",357,0.14
"잠실미용실",1426,0.05
"잠실데이트",467,0.09
"잠실새내맛집",606,0.06
"잠실역맛집",532,0.06
"잠실새내역",820,0.04
"잠실네일샵",750,0.05
"잠실속눈썹펌",1644,0.02
"잠실역",673,0.06
"잠실새내역맛집",504,0.03
"잠실맘",441,0.05
"잠실롯데월드몰",758,0.03
"잠실속눈썹연장",2407,0.01
"잠실새내네일",875,0.02
"잠실한강공원",851,0.03
"잠실타투",1414,0.01
"잠실동맛집",1075,0.01
"잠실술집",510,0.03
"롯데백화점잠실점",1264,0.01
"잠실롯데백화점",1206,0.01
"잠실네일아트",1290,0.01
"잠실왁싱",1634,0.02
"잠실회식장소",766,0.01
"잠실맥주",529,0.02
"잠실자연눈썹",967,0.01
"잠실구장",504,0.03
"잠실남자눈썹",1012,0.01
"잠실동",749,0.01
"잠실수제맥주",371,0.02
"잠실나루",930,0.01
"잠실롯데",895,0.01
"잠실반영구화장",1115,0.01
"잠실회식",1391,0.01
"잠실종합운동장",483,0.02
"잠실핫플",2069,0
"잠실역꽃집",311,0.01
"잠실애견카페",381,0.01
"잠실남자눈썹문신",944,0
"잠실야구장맛집",2437,0
"잠실나들이",1030,0.01
"잠실눈썹",2164,0.01
"잠실디저트",2397,0.01
"잠실대교",1351,0.01
"잠실꽃배달",297,0.01
"잠실애견호텔",61,0.01
"잠실볼링장",270,0
"잠실새내데이트",508,0
"잠실브런치",3982,0
"잠실나루네일",861,0
"롯데잠실",2072,0.01
"잠실나루맛집",1716,0
"잠실애견미용",321,0.01
"잠실키즈카페",402,0
"잠실미용실추천",389,0
"잠실놀거리",301,0
"잠실역속눈썹",410,0
"아펠가모잠실",413,0
"잠실곱창",522,0
"잠실롯데맛집",818,0
"잠실강아지분양",1275,0
"잠실역필라테스",309,0
"잠실본동",765,0
"잠실디저트카페",10321,0
"잠실새내맛집추천",487,0
"잠실사진관",208,0
"잠실호빠",1433,1.06
"잠실나루네일샵",682,0
"잠실새내요가",184,0
"잠실월드타워",13549,0
"잠실점심",1718,0
"잠실핫플레이스",459,0
"잠실한복",352,0
"잠실초밥",853,0
"잠실새네",251,0
"잠실속눈썹",1113,0
"잠실나루역",209,0
"잠실새내미용실",809,0
"마틸다네일샵잠실새내점",98,0
"종합운동장맛집",313,0
"충정로",319,0.04
"충정로맛집",1160,0.01
"충정로역",807,0.01
"충정로카페",365,0
"충정로역맛집",289,0
"한양대",289,0.2
"한양대맛집",812,0.08
"한양대에리카",375,0.03
"한양대학교",311,0.02
"한양대카페",390,0.02
"한양대술집",480,0.06
"한양대역",152,0
"한양대앞",103,0
"한양대입구",40,0
"한양대음식문화거리",22,0
"합정맛집",1222,0.68
"합정미용실",1312,0.07
"합정카페",380,0.31
"합정네일",688,0.06
"합정타투",1529,0.21
"합정",649,0.59
"합정역",1061,0.11
"합정눈썹문신",1197,0.03
"합정역맛집",1085,0.04
"합정가죽공방",1323,0.01
"합정반영구",1770,0.03
"합정데이트",1552,0.03
"합정동",271,0.19
"합정칵테일",1293,0.01
"합정꽃집",210,0.03
"합정술집",1935,0.05
"합정디저트",2186,0.01
"합정속눈썹",1174,0.02
"합정눈썹",1871,0.01
"합정데이트코스",3732,0.01
"합정동맛집",753,0.02
"합정핫플레이스",1411,0
"합정바",1061,0
"합정동카페",2159,0.02
"합정역카페",2578,0.01
"합정역미용실",1126,0.01
"합정피자",1414,0
"합정칵테일바",1422,0
"합정미용실추천",1808,0
"합정교보문고맛집",1041,0
"합정네일샵",959,0.01
"합정술집추천",619,0.01
"합정카페추천",1702,0.01
"합정와인",1480,0.01
"합정역꽃집",206,0.01
"합정곱창",711,0
"합정맥주",676,0
"합정레스토랑",2074,0
"합정네일아트",292,0
"합정역맛집추천",1117,0
"합정동꽃집",803,0.01
"합정브런치",1722,0
"합정플라워클래스",181,0
"합정카페거리",1638,0
"합정와인바",210,0
"합정공방",171,0
"합정필라테스",594,0
"합정동데이트",309,0
"합정빵집",645,0
"합정플라워레슨",75,0
"합정원데이클래스",191,0
"합정케이크",185,0
"합정자연눈썹",757,0
"합정디저트카페",527,0
"합정분위기",59,0
"평택합정동",222,0
"합정밥집",1265,0
"합정교보",801,0
"합정모임",448,0
"평택합정",158,0
"합정역데이트",357,0
"합정멘멘",538,0
"합정피부관리",44,0
"합정버거",1033,0
"합정동꽃배달",206,0
"합정술",47,0
"합정떡볶이",200,0
"합정피부과",382,0
"합정맘",252,0
"합정히피펌",316,0
"합정브런치카페",107,0
"합정동타투",274,0
"순시키합정점",230,0
"합정네일학원",115,0
"합정동파스타",191,0
"홍대와합정사이",60,0
"합정서점",165,0
"합정동와인",253,0
"합정역사무실",18,0
"합정동사무실",33,0
"홍대타투",983,0.9
"홍대데이트",1386,0.19
"홍대미용실",2012,0.2
"홍대카페",920,0.6
"홍대네일",889,0.19
"홍대반영구",1548,0.2
"홍대눈썹문신",1691,0.17
"홍대핫플레이스",5974,0.06
"홍대술집",1285,0.15
"홍대가죽공방",1183,0.03
"홍대붙임머리",1931,0.11
"홍대버스킹",2435,0.11
"홍대네일샵",1378,0.09
"홍대공방",1248,0.03
"홍대가볼만한곳",1584,0.02
"홍대핫플",1246,0.06
"홍대입구",398,0.18
"홍대속눈썹",474,0.08
"홍대맛집베스트10",1574,0.03
"홍대꽃집",399,0.09
"홍대입구역맛집",1466,0.02
"홍대파스타",1650,0.02
"홍대디저트",1221,0.05
"홍대역",1308,0.06
"홍대카페추천",1162,0.03
"홍대타투샵",1295,0.03
"홍대입구맛집",2864,0.04
"홍대칵테일바",1261,0.02
"홍대역맛집",2125,0.02
"홍대칵테일",1184,0.02
"홍대밥집",1231,0.02
"홍대타투잘하는곳",1901,0.02
"홍대속눈썹연장",1841,0.04
"홍대입구역",870,0.09
"홍대클럽",2656,0.54
"홍대바",2869,0.01
"홍대술집추천",3694,0.03
"홍대놀이터",2897,0.02
"홍대케이크",1325,0.02
"홍대자연눈썹",1043,0.04
"홍대마카롱",849,0.04
"홍대이자카야",1554,0.02
"홍대남자눈썹",1498,0.03
"홍대엠투",1211,0.07
"홍대모임",3789,0.02
"홍대네일아트",1019,0.02
"홍대디저트카페",1158,0.01
"홍대놀거리",1567,0.04
"홍대고기집",1274,0.03
"홍대남자눈썹문신",872,0.01
"홍대브런치",1155,0.01
"홍대왁싱",1169,0.04
"홍대분위기좋은술집",2620,0.02
"홍대피자",2428,0.02
"홍대스테이크",1357,0.01
"홍대맥주",1271,0
"홍대펍",1478,0.01
"홍대헤어샵",1949,0.01
"홍대와인",874,0.02
"홍대미용실추천",1866,0.02
"홍대편집샵",2758,0.01
"홍대베라",1290,0.06
"홍대회식장소",1217,0.01
"홍대초밥",1418,0.01
"홍대거리",1018,0.02
"홍대점",3583,0.01
"홍대루프탑",1045,0.01
"홍대반영구화장",722,0.03
"여행",727.0,
"남양주디저트",1544,0.01
"동대문",1030,0.69
"동대문맛집",910,0.33
"동대문속눈썹",956,0.03
"동대문눈썹문신",539,0.08
"동대문붙임머리",2239,0.05
"동대문네일",371,0.07
"동대문카페",1646,0.04
"동대문반영구",955,0.07
"동대문도매",794,0.4
"동대문디자인플라자",1252,0.06
"동대문엽기떡볶이",2502,0.04
"동대문종합시장",353,0.05
"동대문시장",1831,0.08
"동대문구맛집",2704,0.01
"동대문ddp",1327,0.06
"동대문구",1126,0.05
"동대문타투",721,0.01
"동대문속눈썹펌",912,0
"동대문ddp맛집",3369,0
"동대문꽃집",200,0.03
"동대문사입",273,0.02
"동대문데이트",2118,0.01
"동대문호빠",1307,0.76
"동대문닭한마리",1483,0
"동대문필라테스",286,0.01
"동대문옷가게",304,0.01
jw메리어트동대문,1440,0
"동대문맘",874,0.01
"동대문역사",171,0.01
"동대문역",560,0.01
"동대문마카롱",224,0.01
"동대문디자인프라자",6161,0
"동대문꽃배달",177,0.01
"동대문vr",451,0
"동대문놀거리",704,0
"노보텔동대문",352,0
"동대문현대시티아울렛",439,0
"동대문역맛집",1812,0
"동대문커튼",136,0
"동대문데이트코스",241,0
"동대문엽떡",658,0
"동대문구카페",88,0
"동대문역사공원",608,0
"동대문종합상가",383,0
"동대문신발상가",90,0
"동대문운동장",165,0
"동대문반영구수강",250,0
"동대문노보텔",206,0
"동대문떡볶이",142,0
"동대문플라자",136,0
"동대문엽기떡볶이🔥",104,0
"동대문가볼만한곳",610,0
"동대문쇼핑몰",296,0
"동대문헬스",122,0
"동대문메리어트호텔",384,0
"동대문피부과",1228,0
"동대문구한복대여",113,0
"동대문pt",428,0
"동대문애견미용",113,0
"동대문다이어트",281,0
"동대문여성복",34,0
"동대문아이라인",342,0
"동대문피부관리",261,0
"동대문웨딩홀",65,0
"동대문눈썹",255,0
"동대문커피",244,0
"동대문가는길",96,0
"동대문vr테마파크",82,0
"동대문구신축빌라",134,0
"동대문밤시장",58,0
"동대문디자인플라자맛집",679,0
"동대문애견호텔",94,0
"동대문삐에로쇼핑",37,0
"동대문게스트하우스",80,0
"동대문스타그램",54,0
"동대문구인테리어",96,0
"동대문굿모닝시티",55,0
"동대문구웨딩홀",53,0
"신동대문곱창",33,0
"동대문예식장",35,0
"홍대방탈출",1676,0
"부천디저트",417,0.02
"수원디저트카페",198,0.01
"성수동골목",100,0
"인천디저트",489,0.03
"인천디저트카페",663,0.03
"동명동디저트",488,0.01
"합정동작업실",93,0
"광화문맛집",359,0.32
"광화문꽃집",414,0.04
"광화문반영구",893,0.01
"광화문미용실",241,0.01
"광화문연가",4671,0
"광화문헬스",288,0.02
"광화문미진",238,0
"광화문웨딩홀",144,0
"광화문키친메시야",190,0
"포비광화문",89,0
"스윗밸런스광화문점",29,0
"을지로4가맛집",264,0
"망원동핫플",2576,0.01
"망원동디저트",613,0
"망원동모임",81,0
"망원동티라미스",414,0
"망원동한의원",878,0
"망원동꽃배달",314,0
"망원동이색카페",160,0
"망원동사치",63,0
"이태원타투",1625,0.08
"이태원데이트",1829,0.11
"이태원핫플",1092,1.08
"이태원와인",979,0.04
"이태원술집추천",1437,0.02
"이태원루프탑",1025,0.04
"이태원카페추천",2518,0.01
"이태원역맛집",2371,0.02
"이태원반영구",745,0.01
"이태원호빠",2370,1.21
"이태원네일샵",838,0.01
"이태원모임",923,0
"이태원놀거리",504,0
"이태원고기집",1990,0
"광화문데이트",3227,0.02
"광화문광장",2119,0.03
"광화문역",316,0.01
"광화문디타워",174,0.01
"광화문네일",341,0.01
"광화문커피",292,0
"광화문병원",95,0
"을지로4가",450,0.02
"망원동카페",401,0.32
"망원동",297,0.42
"망원동데이트",524,0.03
"망원동빵집",845,0.01
"망원동미용실",1745,0.01
"망원동밥집",615,0
"망원동디저트카페",157,0
"망원동시장",139,0
"망원동인공위성",23,0
"망원동지도",58,0
"이태원메이드",3962,4.85
"이태원카페",815,1.14
"이태원맥주",1253,0.03
"이태원술집",1075,1.66
"이태원데이트코스",1549,0.03
"이태원바",1256,0.02
"이태원브런치",495,0.05
"이태원피자",1029,0.02
"이태원역",1742,0.03
"이태원파스타",1131,0.01
"이태원눈썹문신",715,0.01
"이태원디저트",567,0.01
"이태원미용실",1075,0
"이태원옷가게",678,0.02
"이태원케이크",467,0
"광화문",205,0.72
"광화문카페",519,0.04
"광화문역맛집",1333,0.01
"광화문브런치",1156,0
"광화문직장인",159,0.01
"광화문점",191,0
"아펠가모광화문",305,0
"광화문맥주",326,0
"광화문d타워",302,0
"광화문피티",134,0
"광화문빌즈",153,0
"광화문ems",50,0
"서울광화문",136,0
"망원동맛집",1011,0.21
"망원동티라미수",737,0.05
"망원동꽃집",158,0.03
"망원동네일",487,0.01
"망원동사진관",583,0
"망원동파스타",453,0
"망원동나들이",329,0
"망원동반영구",1179,0
"망원동족발",56,0
"망원동하와이",56,0
"이태원펍",1917,0.04
"이태원클럽",2882,4.87
"이태원핫플레이스",1745,0.1
"이태원네일",873,0.01
"이태원꽃집",394,0.02
"이태원가볼만한곳",1773,0.02
"이태원속눈썹",760,0
"이태원붙임머리",1156,0
"이태원타투샵",755,0
"이태원속눈썹연장",960,0
"이태원스테이크",857,0
"이태원왁싱",154,0
"남성향수",2159,0
"잠실꽃집",365,0.09
"강남역카페",1187,0.22
"강남옥타곤",1691,1.6
"강남페이스테이블",2334,0.36
"강남페이스",2782,1.14
"강남역네일",1078,0.11
"강남술집추천",4261,0.03
"강남놀거리",2096,0.02
"강남메이드게스트",3136,0.67
"강남헤어샵",943,0.02
"강남역핫플",1544,0.02
"강남페이스게스트",1572,0.44
"을지로동",21,0
"성수동한식",75,0
"성수동카페거리추천",8,0
"성수동골목길",45,0
"성수동3번출구",60,0
"합정동사무실임대",22,0
"합정동족발",249,0
"합정동피자",104,0
"연남동",363,2.85
"연남동카페",496,0.99
"연남동데이트",1385,0.18
"연남동핫플",1821,0.06
"연남동가죽공방",1730,0.02
"연남동술집",2166,0.1
"연남동파스타",1499,0.05
"연남동네일",1222,0.07
"연남동카페추천",1365,0.03
"연남동와인",1385,0.03
"연남동꽃집",657,0.07
"연남동미용실",1792,0.04
"연남동케이크",1282,0.01
"연남동까페",1387,0.01
"연남동마카롱",569,0.02
"연남동스테이크",1620,0.01
"연남동데이트코스",1961,0.01
"연남동빵집",730,0.01
"연남동디저트카페",1387,0.01
"연남동커피",629,0.01
"연남동브런치",865,0.01
"연남동공방",942,0.01
"연남동그라미",958,0
"연남동바",543,0.01
"연남동분위기",258,0.01
"연남동와인바",334,0.01
"연남동나들이",1259,0.01
"연남동옷가게",755,0
"연남동데이트맛집",713,0
"연남동놀거리",371,0.01
"연남동루프탑",408,0
"연남동레이어드",889,0
"연남동원데이클래스",245,0.01
"연남동혼술",616,0
"연남동피자",679,0
"연남동골목길",299,0
"연남동샐러드",298,0
"연남동주민",445,0
"연남동꽃배달",3674,0
"연남동브런치카페",174,0
"연남동쇼룸",391,0
"연남동어딘가",376,0
"연남동하하",535,0
"연남동분위기좋은곳",231,0
"연남동추천",250,0
"연남동에서",93,0
"연남동라자냐",617,0
"서울시제주도연남동",553,0
"연남동빙수",101,0
"연남동파티",58,0
"연남동족발",179,0
"연남동쥬얼리",24,0
"연남동사무실",49,0
"연남동흑백",78,0
"연남동상가",20,0
"연남동야식",60,0
"연남동까페추천",73,0
"연남동상가임대",20,0
"연남동가맥",42,0
"상암동맛집",975,0.04
"상암동쌀국수",31,0
"잠실동물병원",41,0
"밥",311,0.78
"국밥",827,0.1
"순두부찌개",380,0.08
"비지찌개",3560,0.01
"반찬",865,0.24
"구이",780,0.03
"순두부",3213,0.05
"탕수육",683,0.24
"수육",785,0.22
"갈비",630,0.22
"불고기",567,0.3
"초밥",1207,0.84
"김밥",1771,0.44
"김치찌개",1254,0.29
"된장찌개",1037,0.18
"찌개",3381,0.04
"무침",1866,0.01
"해장국",1009,0.09
"소고기",473,0.35
"보쌈",439,0.2
"홍합",1231,0.02
"조개",767,0.07
"냉면",397,0.42
"김치찜",1860,0.06
"치킨",482,1.5
"순대",1431,0.41
"족발",751,0.25
"복지리",980,0.01
"복어",271,0.02
"국수",1130,0.16
"쌀국수",690,0.25
"떡볶이",1540,0.99
"홍대떡볶이",2917,0.01
"홍대마늘떡볶이",3807,0
"튀김",645,0.36
"만두",1177,0.53
"카트만두",868,0.01
"찐빵",400,0.04
"장어",3077,0.28
"죽",1089,0.06
"김치",1106,0.33
"삼합",695,0.03
"북어",1203,0
"해물",2156,0.15
"설렁탕",5262,0.06
"알탕",1682,0.05
"닭볶음탕",774,0.21
"도토리묵",2744,0.07
"떡",882,0.22
"떡디저트",416,0.01
"국화차",444,0.01
"유자차",955,0.02
"쌍화차",890,0.02
"식혜",606,0.06
"매실주",448,0
"인삼주",1169,0.01
"복분자주",683,0.01
"매실주",448,0
"젓갈",1218,0.02
"게장",1254,0.06
"밥버거",3619,0.03
"홍어",632,0.03
"스파게티",2295,0.18
"돈까스",1592,0.65
"햄버거",878,0.29
"수제버거",790,0.29
"피자",1069,1.02
"스테이크",1125,0.76
"라조기",483,0
"마라탕",2133,0.88
"훠궈",1047,0.19
"팔보채",668,0.01
"마라상궈",452,0.01
"우동",1300,0.22
"두루치기",2537,0.06
"제육",758,0.02
"육회",1204,0.84
"백숙",588,0.09
"과메기",562,0.03
"부침개",1271,0.04
"신촌설렁탕본점",72,0
"추어탕",1629,0.04
"메밀묵",716,0
"묵밥",1247,0.01
"송편",1057,0
"둥글레차",945,0
"인삼차",284,0
"모과차",635,0
"수정과",326,0.01
"소주",832,0.92
"복분자",911,0.02
"매실",958,0.01
"낙지",1182,0.11
"굴비",1059,0.01
"도라지",1254,0.03
"햄버거",878,0.29
"버거",1319,0.08
"타코",1052,0.13
"파스타",643,1.57
"샐러드",388,1.4
"짜장면",3800,0.43
"짬뽕",871,0.42
"마라탕",2133,0.88
"마라",2619,0.06
"스시",927,1.15
"라멘",948,0.3
"파이",997,0.06
"셀럽파이브",5054,0.01
"분짜",411,0.11
"신림쌀국수",291,0
"짜조",393,0.03
"팟타이",831,0.13
"푸팟퐁",33,0
"솜땀",211,0
"케밥",851,0.02
"데이트룩",379,1.82
"룩",308,0.08
"양말",778,0.35
"언더웨어",1530,0.03
"팬티",2681,0.02
"가츠동",818,0.04
"가라아게동",455,0.01
"마카롱",479,4.19
"탕후루",2659,0.1
"푸딩",1095,0.2
"쿠키",371,0.74
"과자",677,0.41
"샤로수길쌀국수",44,0
"상암쌀국수",34,0
"껌떰",42,0
"월남쌈",925,0.1
"똠얌꿍",571,0.01
"카레",558,0.27
"러블리룩",815,0.16
"멋스타그램",256,0.44
"멋",767,0.05
"재킷",1716,0.02
"삭스",803,0.02
"반팔",754,0.28
"패딩",968,0.1
"아웃도어",673,0.08
"점퍼",1095,0.05
"야상",479,0.09
"바람막이",669,0.28
"맨투맨",768,0.65
"후드",514,0.12
"스웨터",2377,0.02
"카디건",740,0
"내의",2791,0.01
"집업",730,0.02
"한복",541,0.87
"후리스",1624,0.02
"땀복",1352,0.01
"아우터",3647,0.09
"블루종",6478,0.01
fashion,769,4.85
"아디다스",372,0.6
"나이키",552,0.62
"퓨마",804,0.04
"필라",1638,0.06
"뉴발란스",2754,0.38
"치마",1349,0.17
"남방",1572,0.09
"바지",1189,0.18
"정장",498,0.23
"트레이닝복",995,0.19
"조끼",637,0.03
"보정",5192,0.2
"블레이저",1600,0.02
"파자마",616,0.22
ootd,4641,4.02
dailylook,243,0.02
"필라델피아",1971,0.02
"지오다노",2699,0
"브라질",14361,0.07
"브라",1749,0.01
"슬립",1551,0
"탱크탑",1013,0.01
"캐미솔",663,0
"란제리",3466,0.06
"드로즈",3286,0
"슈즈",956,0.23
"쪼리",486,0.09
"슬리퍼",1002,0.21
"블로퍼",263,0.29
"벨트",722,0.12
"허리띠",201,0.01
"귀걸이",338,1.79
"목걸이",1262,0.35
"걸이",31,0
"안경",3344,0.63
"슬립온",513,0.08
"브래지어",1606,0
"스타킹",1113,0.05
"레깅스",2812,0.25
"코르셋",1765,0
"구두",1096,0.5
"모자",632,0.46
"로퍼",636,0.13
"선글라스",969,0.78
"장갑",607,0
"반지",917,0.34
"지갑",886,0.32
"크로스백",1175,0.5
"백팩",1451,0.14
"슬링백",784,0.33
"클러치백",596,0.12
"토트백",1759,0.2
"토드백",361,0.06
"우산",678,0.07
"스카프",3365,0.11
"에코백",840,0.63
"키링",14876,0.39
"파우치",971,0.54
"캐리어",1693,0.1
"샌들",793,0.22
"워커",24743,0.02
"자물쇠",428,0.01
"네임태그",785,0
"머니클립",1226,0.03
"멜빵",1810,0.03
"비니",544,0.09
"페도라",2234,0.02
"양산",266,0.75
"뮬",373,0.17
"힐링글귀",2603,0.15
"중국",3596,0.93
"대만디저트",1456,0
"일본",384,3.95
"캄보디아",1429,0.06
"인도네시아",822,0.21
"인도",236,0.12
"네팔",431,0.03
"사우디",646,0
"터키",778,0.19
"스리랑카",923,0.02
"프랑스향수",2464,0
"독일",769,0.43
"영국",978,0.51
"헝가리",300,0.11
"스페인",499,0.42
"그리스",2625,0.16
"폴란드",626,0.06
"덴마크",642,0.04
"스웨덴",981,0.07
"핀란드",806,0.03
"아이슬란드",3815,0.03
"러시아",519,0.64
"모로코",1109,0.06
"케냐",797,0.02
"남아공",1992,0.01
"마다가스카르",2175,0.01
"베네수엘라",590,0
"멕시코",2209,0.14
"페루",263,0.06
"아르헨티나",268,0.06
"콜롬비아",567,0.05
"파라과이",2581,0.01
"우루과이",7483,0
"칠레",405,0.04
"미국",613,1.07
"캐나다",261,0.52
"부츠",916,0.08
"단화",780,0.05
"힙색",1268,0.07
"복대",2248,0
"스냅백",1606,0.04
"귀마개",1326,0
"두건",241,0
"반다나",845,0.04
"토시",795,0.01
"웰트화",149,0
"브리프케이스",474,0.02
"힐",963,0.06
"펌프스",790,0.05
"부티",5436,0.01
"숄더백",578,0.28
"대만",426,1.12
"일본디저트",2661,0.01
"몽골",1313,0.1
"필리핀",809,0.24
"미얀마",1131,0.06
"인도네시아",822,0.21
"파키스탄",1091,0.01
"우즈벡",1382,0
"이집트",797,0.06
"수단",654,0
"프랑스",1509,0.6
"스코틀렌드",141,0
"체코",453,0.35
"이탈리아",722,0.56
"포르투갈",482,0.15
"오스트리아",266,0.22
"우크라이나",663,0.04
"아일랜드",1162,0.06
"노르웨이",1072,0.04
"그린란드",501,0
"멕시코시티",1372,0.01
"볼리비아",394,0.04
"에콰도르",684,0.01
"호주",246,0.73
"오스트레일리아",1091,0.01
"뉴질랜드",2763,0.25
"파푸아뉴기니",290,0
"베이징",2790,0
"북경",1115,0.1
"상하이",208,0.23
"상해",127,0.24
"충칭",933,0.01
"난징",883,0.01
"청두",656,0.02
"텐진",565,0.1
"광저우",1018,0.1
"마카오",1057,0.22
"타이페이",273,0.32
"가오슝",645,0.07
"도쿄",1193,0.57
"나고야",472,0.21
"삿포로",301,0.35
"히로시마",439,0.03
"후쿠오카",573,1.14
"오사카",250,1.3
"센다이",376,0.01
"교토",990,1.02
"푸켓",1003,0.24
"파타야",979,0.17
"할롱만",349,0
"하노이",230,0.36
"호이안",620,0.26
"다낭",400,0.88
"싱가폴",515,0.16
"콸라룸푸르",212,0
"프놈펜",594,0.01
"양곤",965,0.01
"자카르타",3012,0.05
"발리",477,0.96
"우붓",1869,0.09
"쿠타",947,0
"반둥",2157,0.01
"델리",967,0.02
"뉴델리",691,0
"뉴델리",691,0
"바라나시",369,0.01
"뭄바이",406,0.01
"캘거타",25,0
"두바이",1924,0.11
"파리",1104,0.82
"베니스",2061,0.11
"니스",1275,0.03
"마르세이유",1329,0
"칸쿤",566,0.12
"칸",3439,0.02
"바티칸",929,0.03
"리옹",1379,0.01
"런던",791,0.67
"리버풀",558,0.08
"글래스고",177,0
"옥스포드",2319,0.02
"베를린",151,0.11
"뮌헨",514,0.05
"프랑크푸르트",709,0.04
"쾰른",1103,0.02
"함부르크",526,0.01
"플로렌스",1799,0.03
"밀라노",595,0.1
"나폴리",1403,0.03
"바르셀로나",403,0.28
"마드리드",374,0.09
"비엔나",324,0.16
"암스테르담",613,0
"이스탄불",959,0.08
"모스크바",400,0.15
"코펜하겐",955,0.03
"취리히",1135,0.03
"잘츠부르크",859,0.06
"오슬로",450,0.01
"뉴욕",712,0.7
"라스베이거스",909,0
"워싱턴dc",370,0.02
"샌디에고",369,0.03
"호놀룰루",275,0.05
"시카고",397,0.08
"토론토",266,0.22
"리우데자네이루",191,0
"산티아고",703,0.05
"키토",255,0.04
"시드니",174,0.58
"멜버른",819,0
"퍼스",892,0.06
"오클랜드",1075,0.08
"딸기우유",2933,0.17
"딸기디저트",763,0.04
"아들",384,5.01
"줌마",1637,0.16
"제주",530,2.59
"제주디저트카페",2255,0.03
"로마",400,0.25
"그라나다",2056,0.04
"발렌시아",2187,0.03
"부다페스트",252,0.14
"리스본",2726,0
"두브로브니크",1050,0.05
"헬싱키",3307,0
"더블린",243,0.03
"루체른",1348,0.08
"카사블랑카",907,0.01
"엘에이",1183,0.42
"로스엔젤레스",3339,0.03
"샌프란시스코",556,0.16
"보스턴",713,0.04
"시애틀",174,0.12
"알래스카",3029,0.01
"밴쿠버",636,0.18
"몬트리올",551,0
"오타와",1305,0.01
"쿠스코",440,0.02
"리마",486,0.01
"부에노스아이레스",476,0.01
"라파스",404,0
"브리즈번",274,0.15
"딸",1366,1.45
"문센",579,0.96
"해외",538,0.2
"뒤셀도르프",1377,0.01
"스킨케어",2143,0.29
"케어",869,0.09
"립케어",6199,0.01
"스킨케어",2143,0.29
"스킨",2173,0.05
"토너",1467,0.05
"선크림",2090,0.32
"비비크림",1758,0.08
"미스트",1438,0.12
"향수바디미스트",300,0
"오일",1465,0.06
"냥",378,0.72
"풋케어",1790,0.02
"핸드케어",2224,0
"로션",2232,0.09
"향수바디로션",989,0
"에센스",2969,0.09
"크림",1181,0.26
"헤어미스트",1605,0.01
"향수바디오일",715,0
bb크림,2061,0.01
"씨씨크림",3263,0
cc크림,1530,0
"프라이머",3888,0.01
"파운데이션",4183,0
"파우더",1364,0.02
"컨실러",6019,0.02
"립스틱",2749,0.23
"립글로스",3822,0.01
"틴트",10784,0.15
"라이너",1450,0
"아이섀도",2643,0.01
"마스카라",5244,0.07
"아이브로",73,0
"블러셔",3580,0.09
"클렌징",1627,0.17
"마스크팩",1754,0.43
"마스크시트",7665,0
"필오프팩",2265,0
"워시오프팩",2701,0.01
"코팩",1322,0.01
"수면팩",2194,0.01
"마사지크림",1330,0.03
"마사지젤",903,0.03
"마스크",1707,0.12
"마스크시트",7665,0
"태닝",280,0.24
"올인원",1462,0.05
"향수",839,0.44
"향수선물",1370,0.04
"여자향수추천",1855,0.02
"니치향수",1919,0.03
"향수스타그램",2170,0.03
"섬유향수",449,0.04
"여자향수",1248,0.04
"향수공방",559,0.04
"남자향수",1577,0.05
"남자향수추천",1874,0.01
"샤넬향수",1957,0.03
"랑방향수",1733,0.01
"끌로에향수",1014,0
"여름향수",2904,0.01
"데일리향수",1383,0.01
"비누향수",2164,0
"구찌향수",643,0
"섬유향수추천",1588,0
"고체향수",3302,0.01
"나만의향수만들기",378,0.01
"연예인향수",2624,0
"홍대향수",247,0
"바르는향수",1993,0
"롤온향수",1681,0
"향수샴푸",1086,0
"지속력좋은향수",765,0
"남자페로몬향수",872,0
"지미추향수",2425,0
20대남자향수,780,0
"향수클래스",207,0
"향수쇼핑몰",1555,0
"에르메스향수",885,0
"바디향수",1068,0
"시그니처향수",508,0
"향수브랜드",1207,0
"티파니향수",350,0
"봄향수추천",1279,0
"안나수이향수",853,0
"섬유유연제향수",1132,0
"남자섬유향수",1118,0
"향수핸드크림",212,0
"학생향수",653,0
"랑콤향수",514,0
"제주도향수",1476,0
"여자들이좋아하는남자향수",297,0
"향수제작",190,0
"가을향수추천",566,0
"러비더비섬유향수",865,0
"록시땅향수",337,0
"바디",1971,0.07
"여성청결제",2121,0.03
"비누",4200,0.21
"향수비누",1691,0
"헤어",595,1.48
"염색",1435,0.38
"샴푸",1516,0.29
"탈모",901,0.21
"네일",579,1.72
"갬성",1151,1.64
"선스프레이",2941,0
"선스틱",3810,0.04
"스크럽",1508,0.02
"향수추천",1292,0.15
"몽블랑향수",2190,0.01
"향수만들기",646,0.04
"봄향수",1852,0.01
"커플향수",1985,0.01
"조말론향수",1335,0.02
"나만의향수",3573,0.02
20대여자향수,1399,0
"불가리향수",2807,0.01
"홍대향수공방",218,0
"페로몬향수",4929,0
"여성향수",1879,0
"향수그램",1759,0.01
"향수병",651,0.02
"스틱향수",2043,0
"인생향수",1639,0.01
"수제향수",777,0.01
"서울향수공방",323,0
"돌체앤가바나향수",1563,0
"향수원데이클래스",319,0.01
"명품향수",2503,0.01
"향수덕후",1481,0.01
"디올향수",13094,0
"천연향수",225,0
"겨울향수",2293,0
"장미향수",1617,0
"향수비누",1691,0
"여자가좋아하는남자향수",1249,0
"가을향수",2119,0
"딥디크향수",315,0
"최애향수",1616,0
"향수선물추천",2310,0
"향수공병",125,0
"페르몬향수",1124,0
"남자가좋아하는여자향수",936,0
"입는향수",365,0
"가성비향수",454,0
"아프리모향수",897,0
"공유향수",1006,0
"향수바디워시",458,0
"여친향수",356,0
"강아지향수",246,0
"달달한향수",801,0
"캘빈클라인향수",91417,0
"머리",260,0.82
"단발머리",981,0.3
"린스",1942,0
"트리트먼트",4691,0.08
"두피",2111,0.04
"럽스타그램",378,5.39
"글스타그램",883,1.27
"스타그램",623,0.13
"데일리",179,4.04
"씨엔블루",466,0.12
"제이와이제이",261,0
"제국의아이들",1323,0.03
"대국남아",1467,0
"인피니트에이치",137,0
"인피니트f",231,0
"틴탑",5233,0.06
"디엠티엔",59,0
"터치",1496,0.01
"지디앤탑",99,0
"씨스타",1354,0
"미쓰에이",3166,0.01
"오렌지캬라멜",822,0.01
"나인뮤지스",2977,0.01
"지피베이직",102,0
"디헤븐",14,0
"마이네임",846,0.04
"슈퍼주니어디앤이",1776,0.01
"블락비바스타즈",266,0.02
"엠아이비",42,0
"치치",380,0.04
"비원에이포",311,0.05
"달샤벳",2852,0
"에이핑크",357,0.32
"블레이디",55,0
"브이엔티",24,0
"보이프렌드",14899,0.09
bp라니아,157,0
"천상지희다나",111,0
"애프터스쿨레드",13,0
"쇼콜라",798,0.02
"뉴이스트w",1288,0.06
"비투비",1090,0.22
"빅스타",6835,0
"이엑스아이디",1943,0.1
"헬로비너스",2528,0.01
"이블",210,0
"엔소닉",2893,0
"씨스타19",1049,0
"씨리얼",784,0.05
"스텔라",1932,0.06
jj프로젝트,3532,0
"걸스데이",2187,0.04
"에이젝스",1600,0
"빅스",6863,0.08
"나인뮤지스a",775,0
"투포케이",1253,0.01
"스피카s",114,0
"크로스진",5577,0.01
"써니데이즈",32,0
"백퍼센트",3592,0.02
"블락비",9300,0.1
"레인보우픽시",208,0
"파이브돌스",793,0
"비투비블루",945,0
"브레이브걸스",2418,0
"애프터스쿨블루",92,0
"에이오에이크림",678,0
"씨클라운",136,0
"스피카",1442,0
"갱키즈",105,0
"글램",1945,0.19
"크레용팝",1922,0
"뉴이스트",5029,0.41
"에이오에이",797,0.02
"엑소",48438,1.2
"미스터미스터",3382,0
"피에스타",998,0.01
"소녀시대태티서",200,0
"타히티",1656,0.01
"비비드걸",23,0
"엘씨나인",45,0
"디유닛",46,0
"소년공화국",5945,0
"프로씨",39,0
"투엑스",843,0.01
"베스티",2798,0
"퓨리티",306,0
"히스토리",1339,0.01
"엠파이어",932,0
"솔지하니",461,0
"제아파이브",191,0
"엔오엠",38,0
"핫젝갓알지",823,0
"레이디스코드",5037,0.04
"투하트",397,0
"헤일로",5546,0.01
"투윤",134,0
"엘에이유",44,0
"타이니지",373,0
"와썹",1108,0
"비비드",287,0.04
"스피드",1444,0.03
"지디앤태양",48,0
"방탄소년단",12732,9.65
"엠앤엔",146,0
"비에이",1477,0.04
"제노티",726,0
"투아이즈",1120,0
"비에이피",375,0.02
aoa블랙,5,0
"레인보우블랙",287,0
"위너",42238,1.2
"하이포",2222,0
"유니크",269,0.4
"제이제이씨씨",235,0
"비아이지",2504,0.03
"칠학년일반",206,0
"윙스",523,0.02
"매드타운",1590,0
"베리굿",2028,0.06
"소나무",1547,0.06
"풍뎅이",909,0
"로미오",654,0
"갓세븐",3470,1.59
"빅플로",1274,0
"브이에이브이",12043,0.05
"라붐",25347,0.02
"마마무",1444,0.34
"워너비",1132,0.02
"써스포",37,0
"핫샷",3091,0.01
"에이코어",182,0
"드림캐쳐",1135,0.25
"엔플라잉",11062,0.11
"레드벨벳",3095,0
"세븐틴",1030,0.85
"러블리즈",1767,0.16
"아이콘",1544,0.45
"스누퍼",3009,0.03
"데이식스",1007,0.21
"여자친구",956,2.23
"몬스타엑스",1920,0.62
"맵식스",2143,0
"오마이걸반하나",1267,0
"러버소울",2667,0
"멜로디데이",1493,0
"다이아",4514,0.06
"에스에프나인",908,0.08
"오마이걸",1759,0.06
"업텐션",2148,0.11
"첸백시",1240,0.06
"우주소녀",9421,0.16
"구구단세미나",865,0.01
"아이오아이",3613,0.09
"모모랜드",14647,0.15
"씨엘씨",11849,0.16
"트와이스",1761,1.27
"에이프릴",6450,0.06
"워너원",3546,0.74
"마이틴",857,0.02
"엔시티",2212,0.47
"맙",1661,0
"더보이즈",7075,0.31
"빅톤",777,0.02
"아스트로",1815,0.45
"임팩트",5176,0.02
"블랙핑크",7975,5.85
"립버블",3831,0
"크나큰",8875,0.02
"언니쓰",3464,0.01
"리얼걸프로젝트",1249,0
"아이비아이",5408,0
"에이스",1630,0.26
"허니스트",3118,0
"에스아이에스",832,0.01
"소년24",354,0
"골든차일드",4917,0.07
"아이즈원",3525,0.38
"펜타곤",2743,0.19
"더블에스삼공일",221,0
"레인즈",4923,0
"제이비제이",1132,0.01
"씨아이브이에이",397,0
"빈챈현스s",1676,0
"루비",1119,0.08
"코코소리",10173,0
"유니티",4456,0.02
"마틸다",2683,0.03
"구구단",6326,0.04
"프리스틴v",12357,0.01
"구구단오구오구",604,0
"온앤오프",1771,0.05
"옆집소녀",2955,0
"영동포팡",8840,0
"티알씨엔지",2679,0.01
"바이칼",670,0
"유앤비",3712,0.02
"보너스베이비",822,0
"공원소녀",2436,0.03
"이엑스피에디션",2049,0
"아이들",2452,0.43
"있지",7601,0.2
"남녀공학",725,0
"아이즈",5138,0.05
"프리스틴",7026,0.04
"카드",5576,0.12
"엘리스",2316,0.02
"제이비제이95",145,0
"위키미키",24050,0.11
"인투잇",7690,0.01
"굿데이",176,0.1
"이달의소녀오드아이써클",705,0
"프로미스_9",4018,0.03
"이달의소녀yyxy",124,0
"네이처",7699,0.01
"비사이드",186,0
"애플비",1059,0.01
"이달의소녀",14727,0.3
"베리베리",6913,0.11
"원어스",810,0.09
"웨이션브이",445,0
"체리블렛",8041,0
"트러블메이커",2572,0.01
"홀리데이",1430,0.03
"비트윈",178,0.01
"이민혁",1300,0.16
"원팀",2977,0.03
"강다니엘",777,1.02
"트레저13",59186,1.16
"에버글로우",6238,0.05
"밴티드",61,0
"첸",8217,0.29
"원위",4993,0.05
"몬트",7863,0.01
"디저트그램",195,0.96
"대전디저트",377,0.05
"윗츠",250,0
"하이라이트",1006,0.15
"페이브걸즈",1143,0
"스트레이키즈",2179,0.69
"제주디저트맛집",1348,0.01
"올에스걸",232,0
"티엑스티",1464,0
"제주도디저트",1995,0.01
"에이비식스",8433,1.25
"디저트덕후",1514,0.01
"노태현",1600,0.01
"윤지성",4941,0.22
"서면디저트",938,0.01
"포항디저트",387,0.01
"전소미",55310,0.07
"강시원",988,0
"서면디저트카페",703,0
"화사",4864,0.25
"디저트",1382,8.38
"아이러브",1017,0.01
"디저트카페",601,1.81
"디저트스타그램",329,0.28
"카페디저트",764,0.08
"부산디저트",355,0.06
"광주디저트",182,0.06
"서울디저트페어",492,0.05
"블랙맘바",231,0
"건대디저트",464,0.02
"일산디저트",1045,0.04
"김재환",5084,0.25
"비건디저트",277,0.04
"편의점디저트",2019,0.01
"디저트선물",524,0.02
"고승형",2647,0
"디저트만들기",971,0.01
"과일디저트",2268,0.01
"디저트추천",1563,0.04
"하성운",5404,0.35
"디저트접시",697,0.01
"일산디저트카페",1067,0.01
"부산디저트맛집",362,0.01
"제주디저트",1618,0.04
"박지훈",7635,0.78
"분당디저트",218,0.01
"디저트캔들",276,0.05
"유키카",1155,0
"맛있는디저트",1609,0.01
"디저트투어",479,0.04
"디저트타임",453,0.04
"용인디저트",149,0.01
"서귀포디저트",683,0.01
"디저트샵",423,0.03
"건강디저트",568,0.01
"울산디저트카페",253,0.02
"디저트맛집",571,1.63
"감성글귀",1145,0.82
"전주디저트카페",211,0.02
"수제디저트",198,0.23
"강남디저트카페",1535,0
"창원디저트",775,0.04
"디저트39",2506,0.02
"청주디저트",455,0.04
"마피아디저트",917,0.01
"홈디저트",882,0.01
"부산디저트카페",949,0.03
"예쁜디저트",651,0.01
"디저트택배",461,0.01
"디저트카페추천",969,0.01
"디저트연구소",914,0.01
"강남디저트",1210,0.01
"광주디저트맛집",471,0.01
"마이퍼니디저트",873,0
"플레이팅디저트",279,0
"서울디저트",1036,0.01
"디저트까페",447,0.02
"위로글귀",781,0.24
"한식디저트",486,0.01
"구월동디저트",411,0.01
"글귀",1217,0.82
"책",697,0.14
"책추천",302,0.71
"독서",390,1.4
"자존감",1070,0.13
"자작글",855,0.25
"감성글",1172,0.94
"좋은글",1006,1.18
"연애",1999,0.39
"東京カフェ",539,1.4
"福岡カフェ",318,0.82
"仙台カフェ巡り",244,0.05
"京都旅行",297,0.86
"梅田",826,2.34
"ミナミ",459,2.05
"ファッションコーデ",2228,1.77
"글스타",1074,0.15
"カフェ",291,14.46
"カフェ巡り",218,7.66
"大阪カフェ",427,1.36
"名古屋カフェ",472,0.74
"神戸カフェ",334,0.66
"札幌カフェ",177,0.66
"堀江カフェ",330,0.14
"글그램",951,0.33
"写真好きな人と繋がりたい",319,24.8
"旅行",632,7.94
"東京",498,14.85
"인간관계",877,0.16
"京都",574,10.33
"新宿",1126,2.84
"コーヒー",457,5.19
"表参道",294,3.36
"ファッション",308,23.52
"銀座",457,1.02
"渋谷",856,2.38
"京都カフェ",662,1.09
"難波",367,0.82
"大阪",452,10.55
"仙台カフェ",147,1.65
"北堀江",374,0.13
"広島カフェ",254,0.38
"アメカジファッション",227,0.01
"赤レンガ倉庫",174,0.14
"桜木町",284,0.21
"浅草",622,2.02
"スペシャルティコーヒー",184,0.15
"沖縄人",430,0.01
"名古屋",305,6.46
"沖縄",237,7.63
"オリジナルリュック",209,0.01
bjファイナル,156,0
"バスケットボールユニフォーム",135,0.01
"心斎橋",168,1.95
"世界に一つ",603,0.06
"メンズファッション",836,2.43
"関西",752,0.51
"みなとみらい",585,0.72
"横浜",459,1.08
"すすきの",694,1.18
"美容室",845,2.02
"歯ブラシ",848,0.04
"紅茶",377,0.37
"ヘアスタイル",2947,7.13
"そうだ京都行こう",1345,0.96
"神奈川",221,1.2
"ワイン",267,2.36
"コーディネート",1099,7.78
"京都観光",999,0.37
"野毛",287,0.11
"大須",513,0.58
"世界でここでしか手に入らない",153,0.01
"セレクトショップ",150,3.98
"バスケット",627,0.08
"バスケットボール",2563,0.21
"アンティーク",379,1.38
"ランチ",413,17.84
"北海道",207,6.35
"ユニフォーム",280,0.12
"福岡グルメ",277,1.19
"ファインダー越しの私の世界",328,23.02
"派手バスパンのはじまりはnks_405から",154,0
"夜景",557,0.64
"イケア",1285,0.13
"福岡",314,5.57
"天神",777,1.1
"ギフト",743,1.84
"三ノ宮",208,0.42
"バスケ",422,0.66
"スプリーム",437,0
"北野",439,0.06
"バスパン",235,0.01
"手土産",836,0.22
"和紅茶",472,0.03
"札幌",206,3.22
"川崎",648,0.54
"鷺沼",282,0.04
"たまプラーザテラス",425,0.01
"たまプラーザ東急",187,0
"狸小路",441,0.07
"テペ",148,0
"ハミガキライフ",80,0
"スウェーデン",404,0.11
"大名",381,0.7
"博多",265,1.5
"神戸",388,3.88
"北九州",181,0.85
"三宮",379,0.89
"神戸マルイ",537,0.01
"タルト専門店",564,0.02
"チッタ",205,0
"小倉",294,0.45
"枚方",302,0.28
"佐賀",346,0.92
"タルト",263,0.6
"マルサンカクシカク",551,0.01
"てみやげタルト",1523,0
"食べ放題",303,0.24
"元町",333,0.8
"しゃぶしゃぶ",152,0.39
"清水寺",471,0.24
"すき焼き",436,0.14
"たまプラーザ",258,0.13
"まるさんかくしかく",1194,0
"テイクアウト",198,0.55
"グレイビーズ",94,0
"アメカジ女子",390,0.03
"チネチッタ",1865,0.01
"大宮",331,0.71
"鍋ぞう",311,0
"野菜",898,1.56
"広島",310,2.5
"福山市ヘアサロン",213,0
"家族",2957,2.52
"たまプラ",302,0.01
"メンズカット",185,1.43
"ラ",611,0.02
"メンズショートヘア",235,0.01
"武蔵小杉",414,0.23
"紅葉",678,0.21
"珈琲",252,1.26
"仙台古着屋",239,0.07
"あざみ野",210,0.06
"嵐山",179,0.6
"駅近",239,0.73
"祇園",202,0.77
"宮城県",184,0.38
"アメカジ",384,0.64
"古着屋",206,1.7
"ショーツ",705,0.07
"福山市",206,0.35
"着物",269,1.1
"千葉県",316,0.74
"ヘアサロン",141,2.11
"メンズヘアースタイル",185,0.01
"与野",296,0.03
"さいたま",210,0.18
"美容師",299,7.68
"メンズヘアカタログ",219,0.06
"津田沼",505,0.12
"メンズへアスタイル",143,0
"お洒落さんと繋がりたい",420,20.99
"メンズ",628,1.33
"埼玉",148,1.41
"新作",394,1.21
"福山",146,0.41
"仙台",235,2
"写真",777,12.45
"船橋",309,0.43
"幕張",1502,0.12
"船橋市",1917,0.07
"メンズヘア",614,1.44
"バー",250,1.37
"宮島",194,0.37
"宮城",169,0.88
"古着",308,5.06
"千葉",947,1.45
"연예인룩",556,0.1
"홍대호빠",1854,0.32
"홍대메이드",2021,0.39
"홍대개미",1710,0.03
"홍대데이트코스",1313,0.04
"홍대문신",1316,0
"홍대맘",1081,0.02
"홍대돈부리",695,0.01
"홍대애견카페",266,0.03
"홍대빵집",648,0.01
"홍대아이라인",1691,0
"홍대광",1104,0.04
"홍대피플",988,0.01
"홍대자세",128,0
"홍대피부관리",1974,0.01
"합정공연장",37,0
"합정주문케이크",189,0
"홍대jase",159,0
"합정새우",63,0
"합정꽃집추천",111,0
"합정가성비",31,0
"합정역떡볶이",35,0
"이태원입구",50,0
"이태원타투잘하는곳",4048,0
"홍대마사지",657,0.13
"이태원남자눈썹",63,0
"이태원문신",659,0
"합정쇼핑",89,0
"이태원밥집",314,0
"이태원가죽공방",745,0
"이태원마사지",1331,0.19
"이태원떡볶이",430,0
"합정볼거리",185,0
"이태원회식장소",689,0
"제주신촌맛집",73,0
"이태원맘",52,0
"신촌불닭발",104,0
"이태원네일아트",413,0
"가야밀면신촌칼국수",45,0
"신촌꽃시장",63,0
"신촌막국수",66,0
"신촌승무원학원",33,0
"신촌서가앤쿡",28,0
"신촌경락",139,0
"을지로맛집",1133,0.45
"을지로데이트",1717,0.02
"을지로카페추천",519,0
"을지로카페",558,0.31
"신촌영양센터",34,0
"신촌성인용품",40,0
"을지로술집",590,0.02
"을지로골뱅이",673,0.01
"을지로네일",50,0.01
"을지로2가",64,0
"을지로지하상가",41,0
"을지로커피",304,0
"을지로치킨",285,0
"을지로노가리",379,0
"을지로점심",176,0
"을지로가구거리",30,0
"을지로필라테스",181,0.02
"상암맛집",1728,0.02
"을지로6가",28,0
"상암술집",668,0
"디엠씨맛집",152,0
"연트럴파크맛집",1263,0.06
"신림룸싸롱",4,0.01
"신림룸사롱",2,0
"신림양궁",3,0
"샤로수길카페",333,0.1
"샤로수길까페",370,0
"강남클럽매스",2050,0.02
"강남반영구잘하는곳",1091,0.01
"강남역곱창",3918,0
"샤로수길술집",1672,0.01
"역삼오피스",0,0
"샤로수길꽃집",372,0.01
"잠실중학교",46,0
"강남메이드예약",1565,0
"잠실푸르지오네일샵",35,0
"연트럴파크",591,0.52
"신림경락",280,0
"을지로핫플",407,0.03
"강남메이드엠디",1866,0.01
"을지로7가",45,0
"신림역호빠",1698,0.02
"강남역놀거리",1420,0
"신림시장",12,0
"강남가라오케",1908,0.28
"샤로수길데이트",2531,0.05
"삼성역디저트",154,0
"강남메이드주대",1717,0.01
"잠실역맛집추천",488,0
"잠실애견용품",23,0
"성수1가",50,0
"동대문뉴존",58,0
ddp,672,0.92
ddp패션몰,140,0
ddp전시회,58,0
"강남클럽게스트",1524,0.09
"강남피티",984,0.01
"강남클럽무료입장",2624,0.02
"삼성역초밥",45,0
"강남다이어트",1332,0.01
"잠실밥집",160,0
"잠실신천",167,0
"담백한브랜딩",414,0.23
"마약베개",1394,0.01
"그리다디저트",141,0
"동대문테크노",35,0
"역삼안마",14,0.1
ddp맛집,1532,0.01
"잠실마사지",1581,0.07
ddp스토어,83,0
"잠실실내데이트",1021,0
"강남역디저트",902,0
"동대문애견",104,0
ddp밤도깨비야시장,434,0
"디저트떡",514,0
"디저트뷔페",1546,0
"디저트전문점",175,0
"루이비통ddp",31,0
"구미디저트카페",992,0
"타이거슈가",1624,0.2
"신촌블랙스톤",32,0
"디저트카페🍰",228,0
"디저트픽",166,0
"여름디저트",1413,0
"디저트페어",439,0.01
"이색디저트",1385,0
"추천향수",484,0
"남포동디저트",207,0
"디저트창업",1895,0
"을지로",1049,0.38
"포항디저트카페",145,0
"통영디저트",966,0
"솔향수목원",91,0
"라마네의식주",187,0
"데이트향수",1863,0
"신림룸살롱",14,0
"샤로수길",519,0.3
"강남클럽추천",1960,0.05
"강남원데이클래스",528,0.02
"강남역데이트코스",1516,0.01
"강남스튜디오",1557,0
"삼성역운동",73,0
"잠실커피",554,0
"애슐리퀸즈잠실점",514,0
"동대문두타면세점",102,0
"건강한디저트",313,0.01
"마산디저트",301,0.01
"디저트납품",438,0
"디저트배달",196,0
"멘체스터",42080,0
"에든버러",257,0
"아테네",381,0.03
"라이프치히",148,0
"스톡홀름",2545,0
"바르샤바",1116,0.01
"바덴바덴",663,0
"카이로",752,0.01
"케이프타운",267,0.01
"요하네스버그",146,0
"레이캬비크",580,0
"애틀랜타",1195,0
"나이로비",620,0
"메데인",300,0
"상파울로",1302,0
"퀘벡",307,0.02
"쿠엥카",1086,0
"발파라조",33,0
"갈라파고스",2394,0.01
"마이애미",521,0.02
"타운스빌",35,0
"케언스",617,0
"카르타헤나",152,0
"퀸즈타운",2469,0.01
"몬테비데오",420,0
"울란바토르",1067,0.01
"트윈케이크",45,0
"애들레이드",542,0.01
"하노버",393,0
"상트페테르부르크",329,0.03
"크라쿠프",159,0.01
"보고타",219,0
"푼타아레나스",192,0
"캔버라",141,0.02
"웰링턴",238,0.01
"애프터선",585,0
